-- ============================================================
-- MD DEPÓSITO - Exportação de Dados
-- Execute APÓS o export_full_schema.sql
-- ============================================================

-- =====================
-- CATEGORIAS (já inseridas no schema, mas caso precise)
-- =====================
-- As categorias já estão no export_full_schema.sql

-- =====================
-- PRODUTOS (86 registros)
-- =====================
INSERT INTO public.products (id,name,description,price,cost_price,old_price,stock,category,brand,tag,ncm,cfop,cst,ean,product_code,unit,is_active) VALUES ('d13a1b6a-c25c-4a19-86c3-ace815effeef','ADAPT.FLANGE P/CX.D''AGUA 50 X 1 1/2',NULL,32.49,24.99,NULL,6,NULL,NULL,NULL,'39174090','5403','60','7897801300377','29441','UN',true);
INSERT INTO public.products (id,name,description,price,cost_price,old_price,stock,category,brand,tag,ncm,cfop,cst,ean,product_code,unit,is_active) VALUES ('2b25fa00-f4b5-4ffd-86b6-ea17bb996927','ANTICORROSIVO MP1 321 ML SPRAY',NULL,10.74,8.26,NULL,6,NULL,NULL,NULL,'27101932','5403','60','7898907527439','62221','UN',true);
INSERT INTO public.products (id,name,description,price,cost_price,old_price,stock,category,brand,tag,ncm,cfop,cst,ean,product_code,unit,is_active) VALUES ('84a960bf-ad24-4f58-a977-4d14c9ec655e','Argamassa AC III 20kg','Argamassa colante AC III para pisos e azulejos.',54.90,35.00,62.90,150,'Alvenaria','Quartzolit','Promoção',NULL,NULL,NULL,NULL,NULL,'UN',true);
INSERT INTO public.products (id,name,description,price,cost_price,old_price,stock,category,brand,tag,ncm,cfop,cst,ean,product_code,unit,is_active) VALUES ('62368d4c-ba1b-4d55-b293-37b2d78b8dc8','ASSENTO SANITARIO HYGIENIC BRANCO',NULL,25.87,19.90,NULL,3,NULL,NULL,NULL,'39222000','5403','60','7898945769082','73538','UN',true);
INSERT INTO public.products (id,name,description,price,cost_price,old_price,stock,category,brand,tag,ncm,cfop,cst,ean,product_code,unit,is_active) VALUES ('196e29b0-b978-49c6-92f5-d3b6943d1d82','BALS LOLA XAPADINHA 200ML DISC',NULL,30.58,23.52,NULL,1,NULL,NULL,NULL,'33059000','5403','60','7899572813759','1783801','UN',true);
INSERT INTO public.products (id,name,description,price,cost_price,old_price,stock,category,brand,tag,ncm,cfop,cst,ean,product_code,unit,is_active) VALUES ('43baa9b7-7c05-4a06-8d1b-de6f962d0a59','BOCAL PARA CALHA PLUVIAL',NULL,51.44,39.57,NULL,4,NULL,NULL,NULL,'39259090','5403','60','7897795081900','2254','UN',true);
INSERT INTO public.products (id,name,description,price,cost_price,old_price,stock,category,brand,tag,ncm,cfop,cst,ean,product_code,unit,is_active) VALUES ('50f29a0b-49c6-4e01-9547-e66e9a24ca33','BOLSA VEDACAO PARA CAIXA ACOPLADA',NULL,12.97,9.98,NULL,6,NULL,NULL,NULL,'39229000','5403','60','7891222043745','38237','UN',true);
INSERT INTO public.products (id,name,description,price,cost_price,old_price,stock,category,brand,tag,ncm,cfop,cst,ean,product_code,unit,is_active) VALUES ('23d0c2a4-df8b-4cf9-96ab-801c68b1f0d8','CABECEIRA PARA CALHA PLUVIAL DIR',NULL,16.64,12.80,NULL,5,NULL,NULL,NULL,'35019019','5403','60','7897795081948','2255','UN',true);
INSERT INTO public.products (id,name,description,price,cost_price,old_price,stock,category,brand,tag,ncm,cfop,cst,ean,product_code,unit,is_active) VALUES ('0810f8b4-4fef-4e19-9e4f-4b3b840fc1ff','CABECEIRA PARA CALHA PLUVIAL ESQ',NULL,16.64,12.80,NULL,5,NULL,NULL,NULL,'35019019','5403','60','7897795081931','2256','UN',true);
INSERT INTO public.products (id,name,description,price,cost_price,old_price,stock,category,brand,tag,ncm,cfop,cst,ean,product_code,unit,is_active) VALUES ('73a1b31d-00a5-4b2c-842d-bc27679a5525','Caixa D''água 1000L','Caixa d''água polietileno 1000 litros.',399.90,280.00,459.90,15,'Hidráulica','Fortlev','Oferta',NULL,NULL,NULL,NULL,NULL,'UN',true);
INSERT INTO public.products (id,name,description,price,cost_price,old_price,stock,category,brand,tag,ncm,cfop,cst,ean,product_code,unit,is_active) VALUES ('8303ae45-0ac0-4b3f-9bb3-d69c807e34db','Capacete de Segurança','Capacete de segurança tipo aba frontal com jugular.',32.90,18.00,NULL,50,'Segurança','Delta Plus',NULL,NULL,NULL,NULL,NULL,NULL,'UN',true);
INSERT INTO public.products (id,name,description,price,cost_price,old_price,stock,category,brand,tag,ncm,cfop,cst,ean,product_code,unit,is_active) VALUES ('98011ced-3e92-4edb-9448-71f12c645070','CERA BUCO DEPIMIEL PEROLA 50G',NULL,29.33,22.56,NULL,1,NULL,NULL,NULL,'33079000','5403','60','7794728014311','0502701','UN',true);
INSERT INTO public.products (id,name,description,price,cost_price,old_price,stock,category,brand,tag,ncm,cfop,cst,ean,product_code,unit,is_active) VALUES ('1230a77b-a891-4dc3-bccd-9f53922723d9','Cimento CP II 50kg','Cimento Portland CP II 50kg, ideal para obras em geral.',39.90,28.00,45.90,199,'Alvenaria','Votoran','Mais Vendido',NULL,NULL,NULL,NULL,NULL,'UN',true);
INSERT INTO public.products (id,name,description,price,cost_price,old_price,stock,category,brand,tag,ncm,cfop,cst,ean,product_code,unit,is_active) VALUES ('c5c26193-1b0e-4376-8cdb-5d20fa6ebfe5','cimento poty','cimento poty',38.90,31.99,NULL,9,'Alvenaria','Poty','Mais Vendido',NULL,NULL,NULL,NULL,NULL,'UN',true);
INSERT INTO public.products (id,name,description,price,cost_price,old_price,stock,category,brand,tag,ncm,cfop,cst,ean,product_code,unit,is_active) VALUES ('a8679e47-840e-43c3-8c6a-376a3b049cee','CO CAPICILIN 250ML FORTALECE',NULL,18.46,14.20,NULL,0,NULL,NULL,NULL,'33059000','5403','60','7896522035971','9978201','UN',true);
INSERT INTO public.products (id,name,description,price,cost_price,old_price,stock,category,brand,tag,ncm,cfop,cst,ean,product_code,unit,is_active) VALUES ('79259833-5eea-4fae-9aa7-bbc76e5260bd','Compensado 15mm 2.20x1.60','Compensado virola 15mm folha 2.20x1.60m.',119.90,80.00,139.90,30,'Madeiras','Virola',NULL,NULL,NULL,NULL,NULL,NULL,'UN',true);
INSERT INTO public.products (id,name,description,price,cost_price,old_price,stock,category,brand,tag,ncm,cfop,cst,ean,product_code,unit,is_active) VALUES ('1a8cd6b2-cf39-4f9d-914c-733d754face6','CR C.DOURADO SEBO CARNEIRO 300',NULL,13.74,10.57,NULL,1,NULL,NULL,NULL,'33072090','5403','60','7898610075739','0440401','UN',true);
INSERT INTO public.products (id,name,description,price,cost_price,old_price,stock,category,brand,tag,ncm,cfop,cst,ean,product_code,unit,is_active) VALUES ('40cf9702-4d99-4797-b95b-a298873369dd','D COL BIO INSTINTO 130ML AMEIX',NULL,8.45,6.50,NULL,3,NULL,NULL,NULL,'33072010','5403','60','7908512702777','2032604','UN',true);
INSERT INTO public.products (id,name,description,price,cost_price,old_price,stock,category,brand,tag,ncm,cfop,cst,ean,product_code,unit,is_active) VALUES ('e5636944-7d45-46db-840e-26b8d3d17207','D COL BIO INSTINTO 130ML B.VAN',NULL,8.45,6.50,NULL,4,NULL,NULL,NULL,'33072010','5403','60','7908512702791','2032602','UN',true);
INSERT INTO public.products (id,name,description,price,cost_price,old_price,stock,category,brand,tag,ncm,cfop,cst,ean,product_code,unit,is_active) VALUES ('ecbcc3be-1e03-4d8f-816a-a9cff1c84194','D COL BIO INSTINTO 130ML BELLE',NULL,8.45,6.50,NULL,4,NULL,NULL,NULL,'33072010','5403','60','7908512702784','2032603','UN',true);
INSERT INTO public.products (id,name,description,price,cost_price,old_price,stock,category,brand,tag,ncm,cfop,cst,ean,product_code,unit,is_active) VALUES ('8ad2e39e-4614-402f-8619-463d5b104153','D COL BIO INSTINTO 130ML MORAN',NULL,8.45,6.50,NULL,4,NULL,NULL,NULL,'33072010','5403','60','7908512702807','2032601','UN',true);
INSERT INTO public.products (id,name,description,price,cost_price,old_price,stock,category,brand,tag,ncm,cfop,cst,ean,product_code,unit,is_active) VALUES ('e1ed9ef7-80f9-4498-9a4c-5900e755b038','DC HERBISSIMO 55G HID.SENSI',NULL,5.03,3.87,NULL,3,NULL,NULL,NULL,'33072090','5403','60','7896049528567','1118005','UN',true);
INSERT INTO public.products (id,name,description,price,cost_price,old_price,stock,category,brand,tag,ncm,cfop,cst,ean,product_code,unit,is_active) VALUES ('c332063c-7f28-4a27-80ab-a84bbb033e65','DC HERBISSIMO 55G LAVANDA',NULL,5.03,3.87,NULL,3,NULL,NULL,NULL,'33072090','5403','60','7896049528529','1118008','UN',true);
INSERT INTO public.products (id,name,description,price,cost_price,old_price,stock,category,brand,tag,ncm,cfop,cst,ean,product_code,unit,is_active) VALUES ('8c0664e0-9dc7-4d2f-a4aa-4d01ef65c456','DC HERBISSIMO KIDS 55G .',NULL,5.98,4.60,NULL,2,NULL,NULL,NULL,'33072090','5403','60','7896049528734','2034401','UN',true);
INSERT INTO public.products (id,name,description,price,cost_price,old_price,stock,category,brand,tag,ncm,cfop,cst,ean,product_code,unit,is_active) VALUES ('c21614fa-4be4-4a6c-b12d-3894787d991f','DESC ALYNE+AG OX 40V 100ML CAM',NULL,6.81,5.24,NULL,3,NULL,NULL,NULL,'33059000','5403','60','7897161353143','1762403','KI',true);
INSERT INTO public.products (id,name,description,price,cost_price,old_price,stock,category,brand,tag,ncm,cfop,cst,ean,product_code,unit,is_active) VALUES ('a4f62d0b-a791-48f2-a05b-dad4bd7cba0e','DESC YAMA 20G CAMOMILA',NULL,5.14,3.95,NULL,12,NULL,NULL,NULL,'33059000','5403','60','7896150012801','0634102','UN',true);
INSERT INTO public.products (id,name,description,price,cost_price,old_price,stock,category,brand,tag,ncm,cfop,cst,ean,product_code,unit,is_active) VALUES ('c61f14bf-284a-4343-a379-75334d436e49','DISCO DIAMANTADO LISO',NULL,16.51,12.70,NULL,5,NULL,NULL,NULL,'68042190','5403','60','7898943603081','58079','UN',true);
INSERT INTO public.products (id,name,description,price,cost_price,old_price,stock,category,brand,tag,ncm,cfop,cst,ean,product_code,unit,is_active) VALUES ('5404083f-9661-4d04-9367-b6e4bb64cd80','DISCO DIAMANTADO TURBO',NULL,16.51,12.70,NULL,5,NULL,NULL,NULL,'68042190','5403','60','7898943603067','58081','UN',true);
INSERT INTO public.products (id,name,description,price,cost_price,old_price,stock,category,brand,tag,ncm,cfop,cst,ean,product_code,unit,is_active) VALUES ('466881bb-60a0-437d-9d3b-dbeba0af1324','Disjuntor Bipolar 32A','Disjuntor bipolar 32A Din curva C.',45.90,28.00,NULL,100,'Elétrica','Schneider',NULL,NULL,NULL,NULL,NULL,NULL,'UN',true);
INSERT INTO public.products (id,name,description,price,cost_price,old_price,stock,category,brand,tag,ncm,cfop,cst,ean,product_code,unit,is_active) VALUES ('85a2b01e-fb86-47e6-899e-c35bab712b97','DUREPOXI 100G',NULL,10.14,7.80,NULL,10,NULL,NULL,NULL,'35061090','5403','60','7891200007899','55','UN',true);
INSERT INTO public.products (id,name,description,price,cost_price,old_price,stock,category,brand,tag,ncm,cfop,cst,ean,product_code,unit,is_active) VALUES ('ce0fcbe3-e16a-4a78-9353-f71fd5d98a1f','EMENDA P/CALHA PLUVIAL',NULL,31.11,23.93,NULL,5,NULL,NULL,NULL,'39259090','5403','60','7897795081924','2265','UN',true);
INSERT INTO public.products (id,name,description,price,cost_price,old_price,stock,category,brand,tag,ncm,cfop,cst,ean,product_code,unit,is_active) VALUES ('cc4e7313-8d36-4cfe-8890-bd08ed92fbfc','ESM IMPALA IMPREV. 7,5ML COMPL',NULL,6.14,4.72,NULL,3,NULL,NULL,NULL,'33043000','5403','60','7896111901793','2076207','UN',true);
INSERT INTO public.products (id,name,description,price,cost_price,old_price,stock,category,brand,tag,ncm,cfop,cst,ean,product_code,unit,is_active) VALUES ('63da6d42-3d93-4ced-8049-748f29464b75','ESM IMPALA IMPREV. 7,5ML DESEN',NULL,6.14,4.72,NULL,3,NULL,NULL,NULL,'33043000','5403','60','7896111901823','2076205','UN',true);
INSERT INTO public.products (id,name,description,price,cost_price,old_price,stock,category,brand,tag,ncm,cfop,cst,ean,product_code,unit,is_active) VALUES ('2ea4b485-c85e-4251-a976-9d7302356278','ESM IMPALA IMPREV. 7,5ML EMOCI',NULL,6.14,4.72,NULL,3,NULL,NULL,NULL,'33043000','5403','60','7896111901762','2076206','UN',true);
INSERT INTO public.products (id,name,description,price,cost_price,old_price,stock,category,brand,tag,ncm,cfop,cst,ean,product_code,unit,is_active) VALUES ('332241ef-cda5-45cb-baaa-0a23d86de540','ESM IMPALA IMPREV. 7,5ML GLAMO',NULL,6.14,4.72,NULL,3,NULL,NULL,NULL,'33043000','5403','60','7896111901731','2076201','UN',true);
INSERT INTO public.products (id,name,description,price,cost_price,old_price,stock,category,brand,tag,ncm,cfop,cst,ean,product_code,unit,is_active) VALUES ('efa3383b-0f0a-4895-b654-7aea7e8ce5d7','ESM IMPALA IMPREV. 7,5ML MEIGA',NULL,6.14,4.72,NULL,3,NULL,NULL,NULL,'33043000','5403','60','7896111901809','2076208','UN',true);
INSERT INTO public.products (id,name,description,price,cost_price,old_price,stock,category,brand,tag,ncm,cfop,cst,ean,product_code,unit,is_active) VALUES ('a10168cb-de7a-4b9e-9cdd-ba5eb0a6025c','ESM IMPALA IMPREV. 7,5ML REALI',NULL,6.14,4.72,NULL,3,NULL,NULL,NULL,'33043000','5403','60','7896111901748','2076202','UN',true);
INSERT INTO public.products (id,name,description,price,cost_price,old_price,stock,category,brand,tag,ncm,cfop,cst,ean,product_code,unit,is_active) VALUES ('eb2f5fd7-1894-4b01-9c3c-ff2067738813','ESM IMPALA IMPREV. 7,5ML TIMID',NULL,6.14,4.72,NULL,3,NULL,NULL,NULL,'33043000','5403','60','7896111901755','2076203','UN',true);
INSERT INTO public.products (id,name,description,price,cost_price,old_price,stock,category,brand,tag,ncm,cfop,cst,ean,product_code,unit,is_active) VALUES ('ab455d73-0ab8-42fa-977c-e775e390abe2','ESM IMPALA IMPREV. 7,5ML TRANQ',NULL,6.14,4.72,NULL,3,NULL,NULL,NULL,'33043000','5403','60','7896111901779','2076204','UN',true);
INSERT INTO public.products (id,name,description,price,cost_price,old_price,stock,category,brand,tag,ncm,cfop,cst,ean,product_code,unit,is_active) VALUES ('c5302ea2-2b10-4ac7-a58e-cb97d63dc20f','ESM RISQUE NAT 8ML RENDA',NULL,5.25,4.04,NULL,6,NULL,NULL,NULL,'33043000','5403','60','7891182850025','0939605','UN',true);
INSERT INTO public.products (id,name,description,price,cost_price,old_price,stock,category,brand,tag,ncm,cfop,cst,ean,product_code,unit,is_active) VALUES ('4739c31d-f559-4647-b4a7-572904cdbf8e','Fio Flexível 2.5mm 100m','Fio flexível 2.5mm², rolo com 100 metros.',189.90,130.00,219.90,77,'Elétrica','Prysmian',NULL,NULL,NULL,NULL,NULL,NULL,'UN',true);
INSERT INTO public.products (id,name,description,price,cost_price,old_price,stock,category,brand,tag,ncm,cfop,cst,ean,product_code,unit,is_active) VALUES ('468644d8-c761-457f-aa72-81568d6c0c92','FITA VEDA-ROSCA 18 X 10',NULL,2.59,1.99,NULL,60,NULL,NULL,NULL,'39209990','5403','60','7891960829724','57337','UN',true);
INSERT INTO public.products (id,name,description,price,cost_price,old_price,stock,category,brand,tag,ncm,cfop,cst,ean,product_code,unit,is_active) VALUES ('7ea704ce-80e6-40d0-add3-a989a3d79dc0','FITA VEDA-ROSCA 18 X 50',NULL,9.23,7.10,NULL,30,NULL,NULL,NULL,'39209990','5403','60','7891960829687','57339','UN',true);
INSERT INTO public.products (id,name,description,price,cost_price,old_price,stock,category,brand,tag,ncm,cfop,cst,ean,product_code,unit,is_active) VALUES ('fea0d4a7-83e3-4665-8a79-d8049714c9d4','Furadeira de Impacto','Furadeira de impacto profissional 750W.',459.90,310.00,NULL,25,'Ferramentas','Bosch',NULL,NULL,NULL,NULL,NULL,NULL,'UN',true);
INSERT INTO public.products (id,name,description,price,cost_price,old_price,stock,category,brand,tag,ncm,cfop,cst,ean,product_code,unit,is_active) VALUES ('f3b20bb1-0f18-4efe-b989-68d5d4b0d1d4','GLOSS LAB IMPALA 4,3G+ESM FROZ',NULL,14.47,11.13,NULL,1,NULL,NULL,NULL,'33043000','5403','60','7896111901038','1994102','UN',true);
INSERT INTO public.products (id,name,description,price,cost_price,old_price,stock,category,brand,tag,ncm,cfop,cst,ean,product_code,unit,is_active) VALUES ('280a978d-1ddd-4cec-beba-5deb377f5c77','GLOSS LAB IMPALA 4,3G+ESM PRIN',NULL,14.47,11.13,NULL,3,NULL,NULL,NULL,'33043000','5403','60','7896111901021','1994101','UN',true);
INSERT INTO public.products (id,name,description,price,cost_price,old_price,stock,category,brand,tag,ncm,cfop,cst,ean,product_code,unit,is_active) VALUES ('3c9c9209-cb75-4999-8235-8a7a421f5d42','GRAXA BRANCA DE CAVIDADE SPRAY 300ML',NULL,15.47,11.90,NULL,4,NULL,NULL,NULL,'27101229','5403','60','7898907527989','66567','UN',true);
INSERT INTO public.products (id,name,description,price,cost_price,old_price,stock,category,brand,tag,ncm,cfop,cst,ean,product_code,unit,is_active) VALUES ('1ecfecaa-8bbc-405a-b751-e8daa4482679','HENNA NIRAJ 2G C/ESC',NULL,11.69,8.99,NULL,1,NULL,NULL,NULL,'12119090','5403','90','7898583340513','1593101','UN',true);
INSERT INTO public.products (id,name,description,price,cost_price,old_price,stock,category,brand,tag,ncm,cfop,cst,ean,product_code,unit,is_active) VALUES ('939ba969-0127-4e31-8f65-f24181e86054','HENNA NIRAJ 2G C/MED',NULL,11.69,8.99,NULL,2,NULL,NULL,NULL,'12119090','5403','90','7898583340537','1593102','UN',true);
INSERT INTO public.products (id,name,description,price,cost_price,old_price,stock,category,brand,tag,ncm,cfop,cst,ean,product_code,unit,is_active) VALUES ('cb7e4dc3-cb93-4fb5-a4dd-ede4cd48dbfa','Kit Ferramentas 129 Peças','Kit completo com 129 peças para manutenção residencial.',299.90,180.00,399.90,28,'Ferramentas','Tramontina','25% OFF',NULL,NULL,NULL,NULL,NULL,'UN',true);
INSERT INTO public.products (id,name,description,price,cost_price,old_price,stock,category,brand,tag,ncm,cfop,cst,ean,product_code,unit,is_active) VALUES ('1a7ca8e4-df65-4ddf-9bb0-1bc908b383c6','Lâmpada LED Bulbo 12W','Lâmpada LED bulbo 12W luz branca 6500K.',9.90,5.50,14.90,300,'Iluminação','Philips',NULL,NULL,NULL,NULL,NULL,NULL,'UN',true);
INSERT INTO public.products (id,name,description,price,cost_price,old_price,stock,category,brand,tag,ncm,cfop,cst,ean,product_code,unit,is_active) VALUES ('e4189a18-9630-4d35-a814-4c4ead6cf915','LIMPA CONTATO 300ML SPRAY',NULL,12.78,9.83,NULL,6,NULL,NULL,NULL,'29161520','5403','60','7898907527774','62713','UN',true);
INSERT INTO public.products (id,name,description,price,cost_price,old_price,stock,category,brand,tag,ncm,cfop,cst,ean,product_code,unit,is_active) VALUES ('9e2bc320-09e1-4ef5-8e21-9a8d7c60cb8c','Luminária Painel LED 24W','Luminária painel LED embutir 24W quadrado.',49.90,30.00,59.90,60,'Iluminação','Elgin',NULL,NULL,NULL,NULL,NULL,NULL,'UN',true);
INSERT INTO public.products (id,name,description,price,cost_price,old_price,stock,category,brand,tag,ncm,cfop,cst,ean,product_code,unit,is_active) VALUES ('8b79322a-aded-49d4-8fc1-bb4aacf21bfb','Luva de Proteção Látex','Luva de proteção em látex antiderrapante.',14.90,8.00,18.90,150,'Segurança','3M',NULL,NULL,NULL,NULL,NULL,NULL,'UN',true);
INSERT INTO public.products (id,name,description,price,cost_price,old_price,stock,category,brand,tag,ncm,cfop,cst,ean,product_code,unit,is_active) VALUES ('50cea894-be15-4922-b841-374f8c81b431','MANDRIL 1/2 C/ CHAVE',NULL,20.15,15.50,NULL,4,NULL,NULL,NULL,'84661000','5403','60','7899612715623','73653','UN',true);
INSERT INTO public.products (id,name,description,price,cost_price,old_price,stock,category,brand,tag,ncm,cfop,cst,ean,product_code,unit,is_active) VALUES ('fcacd3b4-ffab-4a03-b6e6-f1e65535f4e7','MC LOLA XAPADINHA 450G DISCIPL',NULL,39.77,30.59,NULL,1,NULL,NULL,NULL,'33059000','5403','60','7899572813698','1783601','UN',true);
INSERT INTO public.products (id,name,description,price,cost_price,old_price,stock,category,brand,tag,ncm,cfop,cst,ean,product_code,unit,is_active) VALUES ('6339a8b0-3f3d-491b-b4c4-7b3fc4a82736','Óculos de Proteção','Óculos de proteção lente incolor antiembaçante.',12.90,6.00,NULL,120,'Segurança','Kalipso',NULL,NULL,NULL,NULL,NULL,NULL,'UN',true);
INSERT INTO public.products (id,name,description,price,cost_price,old_price,stock,category,brand,tag,ncm,cfop,cst,ean,product_code,unit,is_active) VALUES ('84e39d4a-7550-42ab-a075-11970ed0854c','PENTE M.BONI CARBON MED 217 .',NULL,9.39,7.22,NULL,3,NULL,NULL,NULL,'96151100','5403','90','7896025512306','1779701','UN',true);
INSERT INTO public.products (id,name,description,price,cost_price,old_price,stock,category,brand,tag,ncm,cfop,cst,ean,product_code,unit,is_active) VALUES ('03c10a6a-7461-45b0-9256-a3e0e427b03b','PERLON BUCO GI C/100 5X10CM .',NULL,4.84,3.72,NULL,1,NULL,NULL,NULL,'56031340','5403','90','7898910761363','9178801','UN',true);
INSERT INTO public.products (id,name,description,price,cost_price,old_price,stock,category,brand,tag,ncm,cfop,cst,ean,product_code,unit,is_active) VALUES ('0e40b95e-9fae-4872-bc9e-cdddcfd1e6d7','PROT BACIA S.CLARA C/50 164PED',NULL,21.44,16.49,NULL,2,NULL,NULL,NULL,'39249000','5403','90','7897169201644','7381801','UN',true);
INSERT INTO public.products (id,name,description,price,cost_price,old_price,stock,category,brand,tag,ncm,cfop,cst,ean,product_code,unit,is_active) VALUES ('fed19a0a-aa8b-49cb-ae83-277b6672ce8f','PULVERIZ S.CLARA 240ML 4185TRA',NULL,8.32,6.40,NULL,3,NULL,NULL,NULL,'84243090','5403','90','7897169241855','0430601','UN',true);
INSERT INTO public.products (id,name,description,price,cost_price,old_price,stock,category,brand,tag,ncm,cfop,cst,ean,product_code,unit,is_active) VALUES ('e307bd3e-6ca4-4072-a709-050db2404f09','REDUCAO EXCENTRICA ESGOTO 75 X 50',NULL,7.33,5.64,NULL,10,NULL,NULL,NULL,'39174090','5403','60','7897801302104','64750','UN',true);
INSERT INTO public.products (id,name,description,price,cost_price,old_price,stock,category,brand,tag,ncm,cfop,cst,ean,product_code,unit,is_active) VALUES ('4c2653dc-6293-43fd-8e80-a5f7cdaf54c1','Refletor LED 50W','Refletor LED 50W luz branca IP65 externo.',79.90,48.00,99.90,35,'Iluminação','Taschibra',NULL,NULL,NULL,NULL,NULL,NULL,'UN',true);
INSERT INTO public.products (id,name,description,price,cost_price,old_price,stock,category,brand,tag,ncm,cfop,cst,ean,product_code,unit,is_active) VALUES ('066afacd-ce49-4fc4-b412-1cb79f757bb8','REG.ESFERA 25MM',NULL,5.19,3.99,NULL,6,NULL,NULL,NULL,'84818095','5403','60','7897801301015','66078','UN',true);
INSERT INTO public.products (id,name,description,price,cost_price,old_price,stock,category,brand,tag,ncm,cfop,cst,ean,product_code,unit,is_active) VALUES ('842797e1-5db1-4211-958c-b965d30d7ebb','Registro Gaveta 3/4','Registro de gaveta 3/4" cromado.',89.90,55.00,NULL,40,'Hidráulica','Deca',NULL,NULL,NULL,NULL,NULL,NULL,'UN',true);
INSERT INTO public.products (id,name,description,price,cost_price,old_price,stock,category,brand,tag,ncm,cfop,cst,ean,product_code,unit,is_active) VALUES ('f854521a-094f-4e7e-97be-709b936cb319','REM ESM IMPALA GEL 100ML .',NULL,16.87,12.98,NULL,3,NULL,NULL,NULL,'33043000','5403','60','7896111901564','2051401','UN',true);
INSERT INTO public.products (id,name,description,price,cost_price,old_price,stock,category,brand,tag,ncm,cfop,cst,ean,product_code,unit,is_active) VALUES ('60cc7aca-bdef-4218-b865-33d899e08f73','SERRA CIRC.P/ MAD.4 3/8 72D',NULL,14.29,10.99,NULL,6,NULL,NULL,NULL,'82023100','5403','60','7897451413472','72842','UN',true);
INSERT INTO public.products (id,name,description,price,cost_price,old_price,stock,category,brand,tag,ncm,cfop,cst,ean,product_code,unit,is_active) VALUES ('5c81b266-5e82-41b4-864c-e987fe349a47','SH CAPICILIN 250ML FORTALECE',NULL,18.02,13.86,NULL,0,NULL,NULL,NULL,'33051000','5403','60','7896522035964','9978101','UN',true);
INSERT INTO public.products (id,name,description,price,cost_price,old_price,stock,category,brand,tag,ncm,cfop,cst,ean,product_code,unit,is_active) VALUES ('331fa107-3e52-40af-9ef0-acc8c751fdcb','SH INOAR CICATRIFIOS+CO 250ML',NULL,53.39,41.07,NULL,1,NULL,NULL,NULL,'33059000','5403','60','7898581089506','9885101','KI',true);
INSERT INTO public.products (id,name,description,price,cost_price,old_price,stock,category,brand,tag,ncm,cfop,cst,ean,product_code,unit,is_active) VALUES ('797dd1c4-fbb1-4fca-9d3e-24353535ca44','SH LOLA XAPADINHA 250ML ANTIQU',NULL,27.43,21.10,NULL,1,NULL,NULL,NULL,'33051000','5403','60','7899572813681','1783401','UN',true);
INSERT INTO public.products (id,name,description,price,cost_price,old_price,stock,category,brand,tag,ncm,cfop,cst,ean,product_code,unit,is_active) VALUES ('9a02a9e2-fca2-4e23-8714-633d03e21c4f','SH TIO NACHO 200ML ENGROSSAD',NULL,29.00,22.31,NULL,1,NULL,NULL,NULL,'33051000','5403','60','7898636191383','1401301','UN',true);
INSERT INTO public.products (id,name,description,price,cost_price,old_price,stock,category,brand,tag,ncm,cfop,cst,ean,product_code,unit,is_active) VALUES ('6d2ab59c-418a-4da7-9fa6-1ca91a570150','Tabua Pinus 2.5x15cm 3m','Tábua de pinus aplainada 2.5x15cm x 3m.',29.90,18.00,NULL,100,'Madeiras','Natural',NULL,NULL,NULL,NULL,NULL,NULL,'UN',true);
INSERT INTO public.products (id,name,description,price,cost_price,old_price,stock,category,brand,tag,ncm,cfop,cst,ean,product_code,unit,is_active) VALUES ('0bc8506d-9612-448d-932c-cba3851dd2e3','Tijolo Cerâmico 6 Furos','Tijolo cerâmico 6 furos para alvenaria estrutural.',0.89,0.55,1.10,4998,'Alvenaria','Premium','Atacado',NULL,NULL,NULL,NULL,NULL,'UN',true);
INSERT INTO public.products (id,name,description,price,cost_price,old_price,stock,category,brand,tag,ncm,cfop,cst,ean,product_code,unit,is_active) VALUES ('8068415d-a00e-4911-8088-7a21f9ade304','TIN YAMA NANO PROF 60G 4.0',NULL,18.06,13.89,NULL,2,NULL,NULL,NULL,'33059000','5403','60','7896150023883','1108204','UN',true);
INSERT INTO public.products (id,name,description,price,cost_price,old_price,stock,category,brand,tag,ncm,cfop,cst,ean,product_code,unit,is_active) VALUES ('e0c99bbc-1c5b-4fc8-8874-96e460e5884c','TIN YAMA NANO PROF 60G 6.0',NULL,18.06,13.89,NULL,2,NULL,NULL,NULL,'33059000','5403','60','7896150023920','1108208','UN',true);
INSERT INTO public.products (id,name,description,price,cost_price,old_price,stock,category,brand,tag,ncm,cfop,cst,ean,product_code,unit,is_active) VALUES ('093877ce-fc02-4c4b-ae62-de60146f0591','TIN YAMA NANO PROF 60G 6.7L/E/',NULL,18.06,13.89,NULL,3,NULL,NULL,NULL,'33059000','5403','60','7896150025085','1108238','UN',true);
INSERT INTO public.products (id,name,description,price,cost_price,old_price,stock,category,brand,tag,ncm,cfop,cst,ean,product_code,unit,is_active) VALUES ('d93e13b8-034b-43a9-8bec-b6aa2892244a','TIN YAMA NANO PROF 60G 7.0',NULL,18.06,13.89,NULL,1,NULL,NULL,NULL,'33059000','5403','60','7896150023975','1108213','UN',true);
INSERT INTO public.products (id,name,description,price,cost_price,old_price,stock,category,brand,tag,ncm,cfop,cst,ean,product_code,unit,is_active) VALUES ('522370ef-20bb-4515-a006-95169a932319','TIN YAMA NANO PROF 60G 7.7L/M/',NULL,18.06,13.89,NULL,3,NULL,NULL,NULL,'33059000','5403','60','7896150025092','1108240','UN',true);
INSERT INTO public.products (id,name,description,price,cost_price,old_price,stock,category,brand,tag,ncm,cfop,cst,ean,product_code,unit,is_active) VALUES ('f609db1c-35ed-4b5a-82fd-65a94a36fa87','TIN YAMA NANO PROF 60G 8.1',NULL,18.06,13.89,NULL,1,NULL,NULL,NULL,'33059000','5403','60','7896150024033','1108219','UN',true);
INSERT INTO public.products (id,name,description,price,cost_price,old_price,stock,category,brand,tag,ncm,cfop,cst,ean,product_code,unit,is_active) VALUES ('d1ecd28e-f358-473c-b92a-846910cfc4b3','Tinta Acrílica 18L','Tinta acrílica premium para ambientes internos e externos.',289.90,195.00,329.90,49,'Tintas','Suvinil','Oferta',NULL,NULL,NULL,NULL,NULL,'UN',true);
INSERT INTO public.products (id,name,description,price,cost_price,old_price,stock,category,brand,tag,ncm,cfop,cst,ean,product_code,unit,is_active) VALUES ('d629c8d5-0a4e-4312-8e6f-589d53cb7b8b','Tomada Dupla 20A','Tomada dupla 2P+T 20A linha Liz.',18.90,10.00,22.90,198,'Elétrica','Tramontina',NULL,NULL,NULL,NULL,NULL,NULL,'UN',true);
INSERT INTO public.products (id,name,description,price,cost_price,old_price,stock,category,brand,tag,ncm,cfop,cst,ean,product_code,unit,is_active) VALUES ('97984000-5665-4c53-bde7-f0554ee95339','Tubo PVC 100mm 6m','Tubo PVC esgoto série normal 100mm x 6m.',79.90,52.00,89.90,60,'Hidráulica','Tigre',NULL,NULL,NULL,NULL,NULL,NULL,'UN',true);
INSERT INTO public.products (id,name,description,price,cost_price,old_price,stock,category,brand,tag,ncm,cfop,cst,ean,product_code,unit,is_active) VALUES ('8c4f7af2-cbca-49c3-91b5-36a929e15a00','VERNIZ NEUTREX BR CAST AVERM 900 ML',NULL,44.06,33.89,NULL,2,NULL,NULL,NULL,'32089029','5403','60','7891574012109','1689','LT',true);
INSERT INTO public.products (id,name,description,price,cost_price,old_price,stock,category,brand,tag,ncm,cfop,cst,ean,product_code,unit,is_active) VALUES ('c2337642-4437-4d88-8b89-899a9bedee34','VERNIZ NEUTREX BR IMBUIA 900ML',NULL,44.06,33.89,NULL,1,NULL,NULL,NULL,'32089029','5403','60','7891019170173','62885','LT',true);
INSERT INTO public.products (id,name,description,price,cost_price,old_price,stock,category,brand,tag,ncm,cfop,cst,ean,product_code,unit,is_active) VALUES ('be664f3e-45bf-4c37-bc3c-16de585d8bf3','VERNIZ NEUTREX BR MOGNO 900ML',NULL,44.06,33.89,NULL,3,NULL,NULL,NULL,'32089029','5403','60','7891574057339','62887','LT',true);
INSERT INTO public.products (id,name,description,price,cost_price,old_price,stock,category,brand,tag,ncm,cfop,cst,ean,product_code,unit,is_active) VALUES ('8c19ab04-04bc-4e84-8141-fd874502ef1e','VERNIZ SPARLACK EXTRA MARITIMO BR 900 ML',NULL,41.11,31.62,NULL,1,NULL,NULL,NULL,'32089029','5403','60','7891574012369','1696','LT',true);

-- =====================
-- CLIENTES
-- =====================
INSERT INTO public.customers (id, name, cpf, cnpj, email, phone, cep, address, city, state, neighborhood, company_name) VALUES ('5c47908d-ed00-413b-99d1-8fad508bd025', 'Joao Jose', '0', '01', '0', '85', '60420000', 'Rua Epaminondas Frota, 800', 'Fortaleza', 'CE', 'Vila União', NULL);

-- =====================
-- FORNECEDORES
-- =====================
INSERT INTO public.suppliers (id, cnpj, name, trade_name, phone, email, address, city, state, cep) VALUES ('b7219ee4-5b27-447d-be02-bbd71c3a6ec0', '07577414000127', 'COMERCIAL MAIA LTDA', '', '08534991061', NULL, 'RUA RONALDO VERAS FONTENELE, 100 - JACANAU', 'MARACANAU', 'CE', '61915380');
INSERT INTO public.suppliers (id, cnpj, name, trade_name, phone, email, address, city, state, cep) VALUES ('a207b585-5134-4c78-ad02-4cc51e60a474', '07216054000219', 'J. SLEIMAN S.A. COMERCIO DE PRODUTOS DE HIGIENE E ALIMENTOS', 'J. SLEIMAN', '558534446000', NULL, 'RODOVIA ANEL VIARIO, 2165 - ANCURI', 'Fortaleza', 'CE', '60874401');

-- =====================
-- VENDAS
-- =====================
INSERT INTO public.sales (id, customer_name, customer_phone, customer_email, total, profit, status, payment_method, notes, delivery_type, tracking_status, source, sale_type, whatsapp_opt_in) VALUES ('39398b0c-20c4-4f33-ad08-c68ba10f3432', 'lourdes', '85989476099', NULL, 36.48, 8.42, 'completed', 'pix', NULL, 'delivery', 'completed', 'site', 'pdv', true);
INSERT INTO public.sales (id, customer_name, customer_phone, customer_email, total, profit, status, payment_method, notes, delivery_type, tracking_status, source, sale_type, whatsapp_opt_in) VALUES ('8bf2d93a-a0ab-4e79-95c8-a44916f34df8', 'Maria julia', NULL, NULL, 54.50, 54.50, 'completed', 'dinheiro', NULL, 'delivery', 'completed', 'site', 'pdv', false);
INSERT INTO public.sales (id, customer_name, customer_phone, customer_email, total, profit, status, payment_method, notes, delivery_type, tracking_status, source, sale_type, whatsapp_opt_in) VALUES ('543d6dfa-b8cf-4a8c-9226-c8628f03b57b', 'José Souza', '85989476099', NULL, 26.28, 6.07, 'completed', 'cartao_debito', NULL, 'delivery', 'completed', 'site', 'pdv', true);

-- =====================
-- ITENS DE VENDA
-- =====================
INSERT INTO public.sale_items (id, sale_id, product_id, product_name, quantity, unit_price, cost_price, subtotal) VALUES ('7414c680-debd-4f71-b9e1-ff59ec95474c', '39398b0c-20c4-4f33-ad08-c68ba10f3432', '5c81b266-5e82-41b4-864c-e987fe349a47', 'SH CAPICILIN 250ML FORTALECE', 1, 18.02, 0.00, 18.02);
INSERT INTO public.sale_items (id, sale_id, product_id, product_name, quantity, unit_price, cost_price, subtotal) VALUES ('b7633a59-89a1-4643-82bd-acd9d0d443f4', '39398b0c-20c4-4f33-ad08-c68ba10f3432', 'a8679e47-840e-43c3-8c6a-376a3b049cee', 'CO CAPICILIN 250ML FORTALECE', 1, 18.46, 0.00, 18.46);
INSERT INTO public.sale_items (id, sale_id, product_id, product_name, quantity, unit_price, cost_price, subtotal) VALUES ('9306fa15-52bc-4225-9ad7-6335e3ea4952', '543d6dfa-b8cf-4a8c-9226-c8628f03b57b', '03c10a6a-7461-45b0-9256-a3e0e427b03b', 'PERLON BUCO GI C/100 5X10CM .', 1, 4.84, 0.00, 4.84);
INSERT INTO public.sale_items (id, sale_id, product_id, product_name, quantity, unit_price, cost_price, subtotal) VALUES ('c927298d-1ac5-4caf-b175-35f5f95ae99e', '543d6dfa-b8cf-4a8c-9226-c8628f03b57b', '0e40b95e-9fae-4872-bc9e-cdddcfd1e6d7', 'PROT BACIA S.CLARA C/50 164PED', 1, 21.44, 0.00, 21.44);
INSERT INTO public.sale_items (id, sale_id, product_id, product_name, quantity, unit_price, cost_price, subtotal) VALUES ('34ea178e-5d51-4830-9670-7bee07dca213', '8bf2d93a-a0ab-4e79-95c8-a44916f34df8', 'a8679e47-840e-43c3-8c6a-376a3b049cee', 'CO CAPICILIN 250ML FORTALECE', 1, 18.46, 0.00, 18.46);
INSERT INTO public.sale_items (id, sale_id, product_id, product_name, quantity, unit_price, cost_price, subtotal) VALUES ('12951e84-46a1-4006-b653-3090fbb4cbd3', '8bf2d93a-a0ab-4e79-95c8-a44916f34df8', '5c81b266-5e82-41b4-864c-e987fe349a47', 'SH CAPICILIN 250ML FORTALECE', 2, 18.02, 0.00, 36.04);

-- =====================
-- PDV SETTINGS
-- =====================
INSERT INTO public.pdv_settings (company_name, company_cnpj, company_address, company_phone, company_logo) VALUES ('itsega4PDV', '00.000.000/0001-00', 'Endereço da Empresa, 123 - Cidade/UF', '(00) 0000-0000', NULL);

-- =====================
-- SUPPLIER_PRODUCTS (vínculo fornecedor-produto)
-- =====================
INSERT INTO public.supplier_products (id, supplier_id, product_id, supplier_product_code, supplier_price) VALUES ('67487dde-69c4-465c-ba98-ef102bb38413', 'b7219ee4-5b27-447d-be02-bbd71c3a6ec0', 'e4189a18-9630-4d35-a814-4c4ead6cf915', '62713', 9.83);
INSERT INTO public.supplier_products (id, supplier_id, product_id, supplier_product_code, supplier_price) VALUES ('71fc7dcf-c5c9-45a0-b35d-7c9263097829', 'b7219ee4-5b27-447d-be02-bbd71c3a6ec0', '3c9c9209-cb75-4999-8235-8a7a421f5d42', '66567', 11.9);
INSERT INTO public.supplier_products (id, supplier_id, product_id, supplier_product_code, supplier_price) VALUES ('1c1a3b9f-82a9-49d0-a1be-b8af77e6f3a1', 'b7219ee4-5b27-447d-be02-bbd71c3a6ec0', '2b25fa00-f4b5-4ffd-86b6-ea17bb996927', '62221', 8.26);
INSERT INTO public.supplier_products (id, supplier_id, product_id, supplier_product_code, supplier_price) VALUES ('63849a0c-c574-42df-b7ae-8360d3deb48a', 'b7219ee4-5b27-447d-be02-bbd71c3a6ec0', '8c4f7af2-cbca-49c3-91b5-36a929e15a00', '1689', 33.89);
INSERT INTO public.supplier_products (id, supplier_id, product_id, supplier_product_code, supplier_price) VALUES ('2d1e156a-9e7a-499c-bb33-803a7e2cec49', 'b7219ee4-5b27-447d-be02-bbd71c3a6ec0', 'be664f3e-45bf-4c37-bc3c-16de585d8bf3', '62887', 33.89);
INSERT INTO public.supplier_products (id, supplier_id, product_id, supplier_product_code, supplier_price) VALUES ('2584fbad-5688-4aa1-9810-e8fce0814a00', 'b7219ee4-5b27-447d-be02-bbd71c3a6ec0', 'c2337642-4437-4d88-8b89-899a9bedee34', '62885', 33.89);
INSERT INTO public.supplier_products (id, supplier_id, product_id, supplier_product_code, supplier_price) VALUES ('fdf07a0d-e4db-4cb9-a8be-0fab0b305b22', 'b7219ee4-5b27-447d-be02-bbd71c3a6ec0', '8c19ab04-04bc-4e84-8141-fd874502ef1e', '1696', 31.62);
INSERT INTO public.supplier_products (id, supplier_id, product_id, supplier_product_code, supplier_price) VALUES ('ce0d1c6b-5f60-4209-b28e-630be9fcd47a', 'b7219ee4-5b27-447d-be02-bbd71c3a6ec0', '468644d8-c761-457f-aa72-81568d6c0c92', '57337', 1.99);
INSERT INTO public.supplier_products (id, supplier_id, product_id, supplier_product_code, supplier_price) VALUES ('17eac9be-c753-4967-8e92-eb76d105c7e5', 'b7219ee4-5b27-447d-be02-bbd71c3a6ec0', '7ea704ce-80e6-40d0-add3-a989a3d79dc0', '57339', 7.1);
INSERT INTO public.supplier_products (id, supplier_id, product_id, supplier_product_code, supplier_price) VALUES ('8de143bf-0926-45af-bae6-6c5ad8509f4b', 'b7219ee4-5b27-447d-be02-bbd71c3a6ec0', 'e307bd3e-6ca4-4072-a709-050db2404f09', '64750', 5.64);
INSERT INTO public.supplier_products (id, supplier_id, product_id, supplier_product_code, supplier_price) VALUES ('dc7b4bca-a913-40fe-aa0f-bc65290f2002', 'b7219ee4-5b27-447d-be02-bbd71c3a6ec0', 'd13a1b6a-c25c-4a19-86c3-ace815effeef', '29441', 24.99);
INSERT INTO public.supplier_products (id, supplier_id, product_id, supplier_product_code, supplier_price) VALUES ('05dbfc30-d30f-48f1-8389-703263e14f03', 'b7219ee4-5b27-447d-be02-bbd71c3a6ec0', '066afacd-ce49-4fc4-b412-1cb79f757bb8', '66078', 3.99);
INSERT INTO public.supplier_products (id, supplier_id, product_id, supplier_product_code, supplier_price) VALUES ('5497bd2e-08ae-4191-9bb2-44d536510e27', 'b7219ee4-5b27-447d-be02-bbd71c3a6ec0', '50cea894-be15-4922-b841-374f8c81b431', '73653', 15.5);
INSERT INTO public.supplier_products (id, supplier_id, product_id, supplier_product_code, supplier_price) VALUES ('73b3350b-45e6-4561-b025-8fafcee1ccc4', 'b7219ee4-5b27-447d-be02-bbd71c3a6ec0', '60cc7aca-bdef-4218-b865-33d899e08f73', '72842', 10.99);
INSERT INTO public.supplier_products (id, supplier_id, product_id, supplier_product_code, supplier_price) VALUES ('822035da-1c96-4ab5-831a-4119ca0c7761', 'b7219ee4-5b27-447d-be02-bbd71c3a6ec0', 'ce0fcbe3-e16a-4a78-9353-f71fd5d98a1f', '2265', 23.93);
INSERT INTO public.supplier_products (id, supplier_id, product_id, supplier_product_code, supplier_price) VALUES ('2e31ea87-9caa-4815-8cfd-a2b4e3c3f4b0', 'b7219ee4-5b27-447d-be02-bbd71c3a6ec0', '43baa9b7-7c05-4a06-8d1b-de6f962d0a59', '2254', 39.57);
INSERT INTO public.supplier_products (id, supplier_id, product_id, supplier_product_code, supplier_price) VALUES ('5f04cd04-d29f-4fa4-9c5c-51a8d8aff47e', 'b7219ee4-5b27-447d-be02-bbd71c3a6ec0', '23d0c2a4-df8b-4cf9-96ab-801c68b1f0d8', '2255', 12.8);
INSERT INTO public.supplier_products (id, supplier_id, product_id, supplier_product_code, supplier_price) VALUES ('7bc27181-f181-47f2-a903-8ca261fa5ff0', 'b7219ee4-5b27-447d-be02-bbd71c3a6ec0', '0810f8b4-4fef-4e19-9e4f-4b3b840fc1ff', '2256', 12.8);
INSERT INTO public.supplier_products (id, supplier_id, product_id, supplier_product_code, supplier_price) VALUES ('370bfd1d-336f-4109-813d-924e8939392f', 'b7219ee4-5b27-447d-be02-bbd71c3a6ec0', '62368d4c-ba1b-4d55-b293-37b2d78b8dc8', '73538', 19.9);
INSERT INTO public.supplier_products (id, supplier_id, product_id, supplier_product_code, supplier_price) VALUES ('1412bb85-3eda-43f5-a5ca-8585fdab5978', 'b7219ee4-5b27-447d-be02-bbd71c3a6ec0', 'c61f14bf-284a-4343-a379-75334d436e49', '58079', 12.7);
INSERT INTO public.supplier_products (id, supplier_id, product_id, supplier_product_code, supplier_price) VALUES ('7d23b534-6150-40dd-b5a5-083a9697cb6a', 'b7219ee4-5b27-447d-be02-bbd71c3a6ec0', '5404083f-9661-4d04-9367-b6e4bb64cd80', '58081', 12.7);
INSERT INTO public.supplier_products (id, supplier_id, product_id, supplier_product_code, supplier_price) VALUES ('ccc804ba-bbf8-494e-9198-912235d737bd', 'b7219ee4-5b27-447d-be02-bbd71c3a6ec0', '50f29a0b-49c6-4e01-9547-e66e9a24ca33', '38237', 9.98);
INSERT INTO public.supplier_products (id, supplier_id, product_id, supplier_product_code, supplier_price) VALUES ('ce45d42b-1d61-4d4c-b035-f10daab9b849', 'b7219ee4-5b27-447d-be02-bbd71c3a6ec0', '85a2b01e-fb86-47e6-899e-c35bab712b97', '55', 7.8);
INSERT INTO public.supplier_products (id, supplier_id, product_id, supplier_product_code, supplier_price) VALUES ('844ebbe2-da6f-491b-9efb-b5ea58773850', 'a207b585-5134-4c78-ad02-4cc51e60a474', 'fed19a0a-aa8b-49cb-ae83-277b6672ce8f', '0430601', 6.4);
INSERT INTO public.supplier_products (id, supplier_id, product_id, supplier_product_code, supplier_price) VALUES ('eafad983-7e59-4eed-bc2a-5641ee5a686d', 'a207b585-5134-4c78-ad02-4cc51e60a474', '1a8cd6b2-cf39-4f9d-914c-733d754face6', '0440401', 10.57);
INSERT INTO public.supplier_products (id, supplier_id, product_id, supplier_product_code, supplier_price) VALUES ('0582a62c-c51a-4147-aa59-80b83a133731', 'a207b585-5134-4c78-ad02-4cc51e60a474', '98011ced-3e92-4edb-9448-71f12c645070', '0502701', 22.56);
INSERT INTO public.supplier_products (id, supplier_id, product_id, supplier_product_code, supplier_price) VALUES ('7c1972bf-1fd3-486a-a35e-1c68aa31f70d', 'a207b585-5134-4c78-ad02-4cc51e60a474', 'a4f62d0b-a791-48f2-a05b-dad4bd7cba0e', '0634102', 3.95);
INSERT INTO public.supplier_products (id, supplier_id, product_id, supplier_product_code, supplier_price) VALUES ('27187c34-b8ac-4bb2-93f6-6e558f08c664', 'a207b585-5134-4c78-ad02-4cc51e60a474', 'c5302ea2-2b10-4ac7-a58e-cb97d63dc20f', '0939605', 4.04);
INSERT INTO public.supplier_products (id, supplier_id, product_id, supplier_product_code, supplier_price) VALUES ('60799134-b49a-41f1-803b-a79487183d94', 'a207b585-5134-4c78-ad02-4cc51e60a474', '8068415d-a00e-4911-8088-7a21f9ade304', '1108204', 13.89);
INSERT INTO public.supplier_products (id, supplier_id, product_id, supplier_product_code, supplier_price) VALUES ('90cddd27-b0da-4cf5-aee6-450f15f5d431', 'a207b585-5134-4c78-ad02-4cc51e60a474', 'e0c99bbc-1c5b-4fc8-8874-96e460e5884c', '1108208', 13.89);
INSERT INTO public.supplier_products (id, supplier_id, product_id, supplier_product_code, supplier_price) VALUES ('a2d822ae-9235-4f0a-a539-b2ec6aa0c4ac', 'a207b585-5134-4c78-ad02-4cc51e60a474', 'd93e13b8-034b-43a9-8bec-b6aa2892244a', '1108213', 13.89);
INSERT INTO public.supplier_products (id, supplier_id, product_id, supplier_product_code, supplier_price) VALUES ('1e1664b2-cc64-4e0f-9d36-1aeae7d8e1b7', 'a207b585-5134-4c78-ad02-4cc51e60a474', 'f609db1c-35ed-4b5a-82fd-65a94a36fa87', '1108219', 13.89);
INSERT INTO public.supplier_products (id, supplier_id, product_id, supplier_product_code, supplier_price) VALUES ('ffe896fb-fee8-49a3-bdc2-303c72d17a2e', 'a207b585-5134-4c78-ad02-4cc51e60a474', '093877ce-fc02-4c4b-ae62-de60146f0591', '1108238', 13.89);
INSERT INTO public.supplier_products (id, supplier_id, product_id, supplier_product_code, supplier_price) VALUES ('c24e9205-6e9a-4f86-a215-9c1799a6880e', 'a207b585-5134-4c78-ad02-4cc51e60a474', '522370ef-20bb-4515-a006-95169a932319', '1108240', 13.89);
INSERT INTO public.supplier_products (id, supplier_id, product_id, supplier_product_code, supplier_price) VALUES ('556545d4-59da-43b9-bbda-2bf63f59e670', 'a207b585-5134-4c78-ad02-4cc51e60a474', 'e1ed9ef7-80f9-4498-9a4c-5900e755b038', '1118005', 3.87);
INSERT INTO public.supplier_products (id, supplier_id, product_id, supplier_product_code, supplier_price) VALUES ('4ade84c0-2b4c-4e5e-96b1-928fcbf1569a', 'a207b585-5134-4c78-ad02-4cc51e60a474', 'c332063c-7f28-4a27-80ab-a84bbb033e65', '1118008', 3.87);
INSERT INTO public.supplier_products (id, supplier_id, product_id, supplier_product_code, supplier_price) VALUES ('02aca781-1b81-4d77-9e54-7f452beda14f', 'a207b585-5134-4c78-ad02-4cc51e60a474', '9a02a9e2-fca2-4e23-8714-633d03e21c4f', '1401301', 22.31);
INSERT INTO public.supplier_products (id, supplier_id, product_id, supplier_product_code, supplier_price) VALUES ('09381d9c-4977-4101-acc0-fea260dba61c', 'a207b585-5134-4c78-ad02-4cc51e60a474', '1ecfecaa-8bbc-405a-b751-e8daa4482679', '1593101', 8.99);
INSERT INTO public.supplier_products (id, supplier_id, product_id, supplier_product_code, supplier_price) VALUES ('9d7325d2-b90c-40d6-83ac-c8ad492033f1', 'a207b585-5134-4c78-ad02-4cc51e60a474', '939ba969-0127-4e31-8f65-f24181e86054', '1593102', 8.99);
INSERT INTO public.supplier_products (id, supplier_id, product_id, supplier_product_code, supplier_price) VALUES ('e7170912-a317-435b-b6b0-4ced43786ac6', 'a207b585-5134-4c78-ad02-4cc51e60a474', 'c21614fa-4be4-4a6c-b12d-3894787d991f', '1762403', 5.24);
INSERT INTO public.supplier_products (id, supplier_id, product_id, supplier_product_code, supplier_price) VALUES ('1c9122b7-462a-47b1-84ad-947ee78f1284', 'a207b585-5134-4c78-ad02-4cc51e60a474', '84e39d4a-7550-42ab-a075-11970ed0854c', '1779701', 7.22);
INSERT INTO public.supplier_products (id, supplier_id, product_id, supplier_product_code, supplier_price) VALUES ('501b7597-9955-45c0-8c7b-f22a2092b44a', 'a207b585-5134-4c78-ad02-4cc51e60a474', '797dd1c4-fbb1-4fca-9d3e-24353535ca44', '1783401', 21.1);
INSERT INTO public.supplier_products (id, supplier_id, product_id, supplier_product_code, supplier_price) VALUES ('f51027b4-ad81-4935-b163-cc16735f7cd9', 'a207b585-5134-4c78-ad02-4cc51e60a474', 'fcacd3b4-ffab-4a03-b6e6-f1e65535f4e7', '1783601', 30.59);
INSERT INTO public.supplier_products (id, supplier_id, product_id, supplier_product_code, supplier_price) VALUES ('899491fd-beb6-446b-9184-97ceaa092a04', 'a207b585-5134-4c78-ad02-4cc51e60a474', '196e29b0-b978-49c6-92f5-d3b6943d1d82', '1783801', 23.52);
INSERT INTO public.supplier_products (id, supplier_id, product_id, supplier_product_code, supplier_price) VALUES ('faf6fa81-ec87-4704-9e19-bded523106d8', 'a207b585-5134-4c78-ad02-4cc51e60a474', '280a978d-1ddd-4cec-beba-5deb377f5c77', '1994101', 11.13);
INSERT INTO public.supplier_products (id, supplier_id, product_id, supplier_product_code, supplier_price) VALUES ('dbbbe66c-c176-46e9-8103-f12461870211', 'a207b585-5134-4c78-ad02-4cc51e60a474', 'f3b20bb1-0f18-4efe-b989-68d5d4b0d1d4', '1994102', 11.13);
INSERT INTO public.supplier_products (id, supplier_id, product_id, supplier_product_code, supplier_price) VALUES ('25e8f9f3-2b18-499b-8c2b-b5a5b7d953be', 'a207b585-5134-4c78-ad02-4cc51e60a474', '8ad2e39e-4614-402f-8619-463d5b104153', '2032601', 6.5);
INSERT INTO public.supplier_products (id, supplier_id, product_id, supplier_product_code, supplier_price) VALUES ('4a38333d-759a-4f4f-b03c-3b93a74178cb', 'a207b585-5134-4c78-ad02-4cc51e60a474', 'e5636944-7d45-46db-840e-26b8d3d17207', '2032602', 6.5);
INSERT INTO public.supplier_products (id, supplier_id, product_id, supplier_product_code, supplier_price) VALUES ('4fb028db-c732-40ea-8671-859c410c7dfe', 'a207b585-5134-4c78-ad02-4cc51e60a474', 'ecbcc3be-1e03-4d8f-816a-a9cff1c84194', '2032603', 6.5);
INSERT INTO public.supplier_products (id, supplier_id, product_id, supplier_product_code, supplier_price) VALUES ('709ed0c6-d8d2-42b5-b9b4-d9a3dbf91b6e', 'a207b585-5134-4c78-ad02-4cc51e60a474', '40cf9702-4d99-4797-b95b-a298873369dd', '2032604', 6.5);
INSERT INTO public.supplier_products (id, supplier_id, product_id, supplier_product_code, supplier_price) VALUES ('b47e0e80-9d9d-47d3-bf87-78b8b4f40cc0', 'a207b585-5134-4c78-ad02-4cc51e60a474', '8c0664e0-9dc7-4d2f-a4aa-4d01ef65c456', '2034401', 4.6);
INSERT INTO public.supplier_products (id, supplier_id, product_id, supplier_product_code, supplier_price) VALUES ('4052e2b9-6295-4fd5-8bbc-df5ac15bb21e', 'a207b585-5134-4c78-ad02-4cc51e60a474', 'f854521a-094f-4e7e-97be-709b936cb319', '2051401', 12.98);
INSERT INTO public.supplier_products (id, supplier_id, product_id, supplier_product_code, supplier_price) VALUES ('62b82010-a29f-4d28-a7ba-166307dba7dc', 'a207b585-5134-4c78-ad02-4cc51e60a474', '332241ef-cda5-45cb-baaa-0a23d86de540', '2076201', 4.72);
INSERT INTO public.supplier_products (id, supplier_id, product_id, supplier_product_code, supplier_price) VALUES ('b497d6fb-d712-422e-9222-17a510d0f817', 'a207b585-5134-4c78-ad02-4cc51e60a474', 'a10168cb-de7a-4b9e-9cdd-ba5eb0a6025c', '2076202', 4.72);
INSERT INTO public.supplier_products (id, supplier_id, product_id, supplier_product_code, supplier_price) VALUES ('d6894e0f-3ec4-4d31-a988-d05fb2b0b6c1', 'a207b585-5134-4c78-ad02-4cc51e60a474', 'eb2f5fd7-1894-4b01-9c3c-ff2067738813', '2076203', 4.72);
INSERT INTO public.supplier_products (id, supplier_id, product_id, supplier_product_code, supplier_price) VALUES ('171eb30c-2e5c-4b1a-9f29-45034449661b', 'a207b585-5134-4c78-ad02-4cc51e60a474', 'ab455d73-0ab8-42fa-977c-e775e390abe2', '2076204', 4.72);
INSERT INTO public.supplier_products (id, supplier_id, product_id, supplier_product_code, supplier_price) VALUES ('e983b389-7dcf-4b2a-a9c6-b1f687f36f56', 'a207b585-5134-4c78-ad02-4cc51e60a474', '63da6d42-3d93-4ced-8049-748f29464b75', '2076205', 4.72);
INSERT INTO public.supplier_products (id, supplier_id, product_id, supplier_product_code, supplier_price) VALUES ('54560122-fbb3-479e-bab9-778701c660a2', 'a207b585-5134-4c78-ad02-4cc51e60a474', '2ea4b485-c85e-4251-a976-9d7302356278', '2076206', 4.72);
INSERT INTO public.supplier_products (id, supplier_id, product_id, supplier_product_code, supplier_price) VALUES ('444f3960-a8b4-4c43-95ee-7d0a9653a6b1', 'a207b585-5134-4c78-ad02-4cc51e60a474', 'cc4e7313-8d36-4cfe-8890-bd08ed92fbfc', '2076207', 4.72);
INSERT INTO public.supplier_products (id, supplier_id, product_id, supplier_product_code, supplier_price) VALUES ('9b6d9efa-9f9a-4ae1-8f28-50085534758b', 'a207b585-5134-4c78-ad02-4cc51e60a474', 'efa3383b-0f0a-4895-b654-7aea7e8ce5d7', '2076208', 4.72);
INSERT INTO public.supplier_products (id, supplier_id, product_id, supplier_product_code, supplier_price) VALUES ('432ea647-f94b-478b-8d49-65028ff952ad', 'a207b585-5134-4c78-ad02-4cc51e60a474', '0e40b95e-9fae-4872-bc9e-cdddcfd1e6d7', '7381801', 16.49);
INSERT INTO public.supplier_products (id, supplier_id, product_id, supplier_product_code, supplier_price) VALUES ('852045be-571c-4e49-82c7-01951e9d3686', 'a207b585-5134-4c78-ad02-4cc51e60a474', '03c10a6a-7461-45b0-9256-a3e0e427b03b', '9178801', 3.72);
INSERT INTO public.supplier_products (id, supplier_id, product_id, supplier_product_code, supplier_price) VALUES ('107d5185-0a13-4b4a-9859-f18bfba91e79', 'a207b585-5134-4c78-ad02-4cc51e60a474', '331fa107-3e52-40af-9ef0-acc8c751fdcb', '9885101', 41.07);
INSERT INTO public.supplier_products (id, supplier_id, product_id, supplier_product_code, supplier_price) VALUES ('495f6fa8-0172-43c4-bff2-01eb036dc341', 'a207b585-5134-4c78-ad02-4cc51e60a474', '5c81b266-5e82-41b4-864c-e987fe349a47', '9978101', 13.86);
INSERT INTO public.supplier_products (id, supplier_id, product_id, supplier_product_code, supplier_price) VALUES ('49151bde-c832-4821-b653-276327556bea', 'a207b585-5134-4c78-ad02-4cc51e60a474', 'a8679e47-840e-43c3-8c6a-376a3b049cee', '9978201', 14.2);

-- ============================================================
-- FIM DA EXPORTAÇÃO DE DADOS
-- ============================================================
